"gosterge","p","pencere","RMSE","MAE","secildi"
"ENFLASYON",12,36,4.77118764083824,2.98334234155083,FALSE
"ENFLASYON",12,42,4.23542067843226,2.791943210481,FALSE
"ENFLASYON",12,48,4.1843686426555,2.7815739931701,FALSE
"ENFLASYON",12,54,4.11355838725485,2.71250641763415,FALSE
"ENFLASYON",12,60,3.89131276625717,2.48459045381495,FALSE
"ENFLASYON",2,36,2.93184157772411,2.40500426245729,FALSE
"ENFLASYON",2,42,2.85178528120831,2.30532996579673,FALSE
"ENFLASYON",2,48,2.7507143518903,2.18394828276156,FALSE
"ENFLASYON",2,54,2.66443219488284,2.04937864483869,FALSE
"ENFLASYON",2,60,2.55627300049286,1.90072229402849,TRUE
"BUYUME",8,12,9.54165024897825,4.54903750953894,FALSE
"BUYUME",8,16,6.11656312503917,3.34143278440962,FALSE
"BUYUME",8,20,6.30496511829943,3.52583660905245,FALSE
"BUYUME",8,24,5.4921071100205,2.75454877973781,FALSE
"BUYUME",8,28,5.42989139707641,2.60135652661429,FALSE
"BUYUME",5,12,2.37323909879325,1.89836961428901,FALSE
"BUYUME",5,16,2.05099589252541,1.64312180666811,FALSE
"BUYUME",5,20,2.14003932060504,1.8531718906555,FALSE
"BUYUME",5,24,1.59203439125336,1.27721202757372,FALSE
"BUYUME",5,28,1.58956538083265,1.2475867680521,TRUE
"ISSIZLIK",5,36,0.505061663619831,0.427265748555969,FALSE
"ISSIZLIK",5,42,0.481966640934175,0.404349549958029,FALSE
"ISSIZLIK",5,48,0.484258864328577,0.404602062955425,FALSE
"ISSIZLIK",5,54,0.481527481835938,0.404186850602346,FALSE
"ISSIZLIK",5,60,0.505468694719716,0.440846472538554,FALSE
"ISSIZLIK",12,36,0.458399186728772,0.367606491326991,FALSE
"ISSIZLIK",12,42,0.455551449191385,0.351899737803198,FALSE
"ISSIZLIK",12,48,0.448315833462184,0.36208339566976,TRUE
"ISSIZLIK",12,54,0.476749472103548,0.400572269459727,FALSE
"ISSIZLIK",12,60,0.478832221396789,0.418957807027853,FALSE
"ISSIZLIK",9,36,0.491830004751899,0.403709586192567,FALSE
"ISSIZLIK",9,42,0.480708793922597,0.402430877541115,FALSE
"ISSIZLIK",9,48,0.472999698625746,0.405359059507836,FALSE
"ISSIZLIK",9,54,0.471850764714654,0.415547690923481,FALSE
"ISSIZLIK",9,60,0.48337378608848,0.430010841623001,FALSE
"USDTRY",11,36,0.484267568737477,0.333005224375396,FALSE
"USDTRY",11,42,0.476194340419815,0.314698461612942,FALSE
"USDTRY",11,48,0.494037990164892,0.323444196002279,FALSE
"USDTRY",11,54,0.490200982771259,0.336732448702166,FALSE
"USDTRY",11,60,0.467044047026643,0.327404812936657,FALSE
"USDTRY",5,36,0.397828240759313,0.284195669641147,FALSE
"USDTRY",5,42,0.396868267582598,0.280858578473492,FALSE
"USDTRY",5,48,0.393537674706681,0.267960669566621,FALSE
"USDTRY",5,54,0.398988978742849,0.280850820454011,FALSE
"USDTRY",5,60,0.393141480287462,0.282535401533011,FALSE
"USDTRY",3,36,0.304452652837813,0.241962397370074,TRUE
"USDTRY",3,42,0.307431803249143,0.237205416401701,FALSE
"USDTRY",3,48,0.306097361740084,0.224094478712627,FALSE
"USDTRY",3,54,0.316394356495261,0.235664225535634,FALSE
"USDTRY",3,60,0.324359382415595,0.241997389510338,FALSE
"BIST100",3,36,862.639480098815,668.018197451694,FALSE
"BIST100",3,42,859.134133991777,668.99755178405,FALSE
"BIST100",3,48,855.803474474252,673.30972531959,TRUE
"BIST100",3,54,859.051493610858,677.635079560067,FALSE
"BIST100",3,60,864.272184555816,682.308222160191,FALSE
"BIST100",11,36,1099.90746935542,836.189326182933,FALSE
"BIST100",11,42,1080.66185693345,815.593502405601,FALSE
"BIST100",11,48,1046.03331003613,801.345221433857,FALSE
"BIST100",11,54,1048.79695099597,802.453875967034,FALSE
"BIST100",11,60,1043.23297458532,797.661559365348,FALSE
"FAIZ",4,36,2.13878994216634,1.51461624688388,FALSE
"FAIZ",4,42,2.03311014681545,1.37739436329217,FALSE
"FAIZ",4,48,2.01726178153878,1.36265015671031,FALSE
"FAIZ",4,54,1.96510301760869,1.31975621547892,TRUE
"FAIZ",4,60,2.03131227591214,1.36124406379601,FALSE
"DIS_TICARET",12,36,2549.1403225363,2080.31832985711,FALSE
"DIS_TICARET",12,42,2509.89480437114,2090.73321503888,FALSE
"DIS_TICARET",12,48,2490.39895737675,2069.19571861955,FALSE
"DIS_TICARET",12,54,2437.38432475156,2062.72570101603,FALSE
"DIS_TICARET",12,60,2254.16001475657,1920.65890147979,FALSE
"DIS_TICARET",3,36,1771.93824825372,1401.77926347591,FALSE
"DIS_TICARET",3,42,1710.17391824282,1345.71017380425,FALSE
"DIS_TICARET",3,48,1709.89478250099,1322.6447313011,TRUE
"DIS_TICARET",3,54,1725.9777513794,1358.2254238405,FALSE
"DIS_TICARET",3,60,1734.49561818661,1364.35709121225,FALSE
"SANAYI_URETIM",12,36,8.11962830627887,6.32854807021974,FALSE
"SANAYI_URETIM",12,42,7.81357575457457,6.11428052102797,FALSE
"SANAYI_URETIM",12,48,7.73793704505579,6.25800351580187,FALSE
"SANAYI_URETIM",12,54,7.48910117741065,5.96044721889155,FALSE
"SANAYI_URETIM",12,60,7.38730788052741,5.97300603654047,TRUE
"TUKETICI_GUVEN",12,36,2.82582460445347,2.30204769119715,FALSE
"TUKETICI_GUVEN",12,42,2.84954927787526,2.35343017581429,FALSE
"TUKETICI_GUVEN",12,48,2.69698615935028,2.19577361359675,FALSE
"TUKETICI_GUVEN",12,54,2.55171753766941,2.12000689590852,FALSE
"TUKETICI_GUVEN",12,60,2.2648141695297,1.90180461116454,FALSE
"TUKETICI_GUVEN",1,36,1.86558002184355,1.55131471260499,FALSE
"TUKETICI_GUVEN",1,42,1.86924560000981,1.54209257064263,FALSE
"TUKETICI_GUVEN",1,48,1.83375498479998,1.48347337055792,FALSE
"TUKETICI_GUVEN",1,54,1.77062164585437,1.46824424203642,FALSE
"TUKETICI_GUVEN",1,60,1.76303923329446,1.45329888437541,TRUE
"CARI_DENGE",8,12,9644783773.62286,7407710959.894,FALSE
"CARI_DENGE",8,16,5543742000.18306,3990954610.17598,FALSE
"CARI_DENGE",8,20,5473523795.68421,4589984208.40085,FALSE
"CARI_DENGE",8,24,5428248345.4777,4779586819.86636,FALSE
"CARI_DENGE",8,28,5540028436.89521,4790603903.90545,FALSE
"CARI_DENGE",7,12,6755068707.35235,5465275229.4768,FALSE
"CARI_DENGE",7,16,4570434145.57521,3030806747.28679,TRUE
"CARI_DENGE",7,20,5006180469.17804,4084014636.41003,FALSE
"CARI_DENGE",7,24,5046772981.52806,4257902889.33675,FALSE
"CARI_DENGE",7,28,5121146218.90122,4234472879.60384,FALSE
"CARI_DENGE",5,12,5644633535.85065,4869379599.37137,FALSE
"CARI_DENGE",5,16,5136298301.05082,4060954483.02736,FALSE
"CARI_DENGE",5,20,5330060446.0671,4520621487.3004,FALSE
"CARI_DENGE",5,24,5544603687.92552,4642498509.06184,FALSE
"CARI_DENGE",5,28,5502717387.33035,4771265906.06306,FALSE
"BUTCE_DENGESI",12,36,325717626.563803,241567277.584384,FALSE
"BUTCE_DENGESI",12,42,324479459.249175,241122887.788397,FALSE
"BUTCE_DENGESI",12,48,320689166.671287,239750141.887557,FALSE
"BUTCE_DENGESI",12,54,319237719.813986,238746470.091862,FALSE
"BUTCE_DENGESI",12,60,318367259.166545,237967516.691949,TRUE
"UFE",12,36,51.9698171174541,40.0744583281573,FALSE
"UFE",12,42,52.8088435864315,41.6348549247612,FALSE
"UFE",12,48,53.9084518419612,42.5997919216663,FALSE
"UFE",12,54,53.287563912163,41.8241230067166,FALSE
"UFE",12,60,51.8726086381497,40.7005803688875,FALSE
"UFE",11,36,47.5710319813771,37.6547300625324,FALSE
"UFE",11,42,47.7263825852941,38.3898780052156,FALSE
"UFE",11,48,48.5458249846962,39.0313737599342,FALSE
"UFE",11,54,48.6660391154567,38.8924819825932,FALSE
"UFE",11,60,47.4919060183676,37.829966655238,FALSE
"UFE",4,36,36.597809775281,29.0162745855629,TRUE
"UFE",4,42,36.8644542831496,30.2464001645211,FALSE
"UFE",4,48,36.6067909245704,29.6303908975621,FALSE
"UFE",4,54,37.4568427745348,30.0618634199652,FALSE
"UFE",4,60,36.927171427184,29.5678775711779,FALSE
"M2",12,36,400607450.893651,326112101.189251,FALSE
"M2",12,42,388095399.371012,311713628.40568,FALSE
"M2",12,48,388949318.073596,307770612.803106,FALSE
"M2",12,54,392918065.621781,310654326.214667,FALSE
"M2",12,60,394526233.834611,313441054.66828,FALSE
"M2",5,36,330496457.158552,245846196.34685,FALSE
"M2",5,42,326099456.924502,238473047.220624,FALSE
"M2",5,48,323599982.279197,240373940.067758,FALSE
"M2",5,54,323972563.487312,244769254.184285,FALSE
"M2",5,60,327627783.467333,248633863.064764,FALSE
"M2",1,36,311640886.328165,234634558.201685,TRUE
"M2",1,42,315179796.051054,238673556.96236,FALSE
"M2",1,48,312447283.429113,238802887.322334,FALSE
"M2",1,54,313198858.154565,240522414.674276,FALSE
"M2",1,60,315507003.143896,242746836.427751,FALSE
"REEL_KESIM_GUVEN",12,36,1.63195220644694,1.26366410378588,FALSE
"REEL_KESIM_GUVEN",12,42,1.77897541221165,1.36933798463018,FALSE
"REEL_KESIM_GUVEN",12,48,1.6433993367447,1.33371448574894,FALSE
"REEL_KESIM_GUVEN",12,54,1.55957261627352,1.25834958748722,FALSE
"REEL_KESIM_GUVEN",12,60,1.55660780989863,1.2534114781748,FALSE
"REEL_KESIM_GUVEN",2,36,1.5208171971746,1.21484745015232,TRUE
"REEL_KESIM_GUVEN",2,42,1.61070472108114,1.31203186816834,FALSE
"REEL_KESIM_GUVEN",2,48,1.53525030096534,1.24704336238439,FALSE
"REEL_KESIM_GUVEN",2,54,1.56572394712451,1.27576018697154,FALSE
"REEL_KESIM_GUVEN",2,60,1.56184102280032,1.24966918274016,FALSE
"KAPASITE_KULLANIM",2,36,0.586823265523706,0.488927356832725,FALSE
"KAPASITE_KULLANIM",2,42,0.578225744922963,0.489539461774286,FALSE
"KAPASITE_KULLANIM",2,48,0.601142998565508,0.513309180492413,FALSE
"KAPASITE_KULLANIM",2,54,0.56670511239925,0.467042371514554,FALSE
"KAPASITE_KULLANIM",2,60,0.565384346960807,0.45278660448375,TRUE
"GENC_ISSIZLIK",2,8,5.21334057219333,4.02993194287248,FALSE
"GENC_ISSIZLIK",2,10,1.7173198146245,1.63111465150041,FALSE
"GENC_ISSIZLIK",2,12,1.16151831026703,1.04245686489815,TRUE
"GENC_ISSIZLIK",2,14,1.36369276373961,1.24286394447859,FALSE
"GENC_ISSIZLIK",2,16,1.56521425009036,1.43176187007859,FALSE
"PERAKENDE_SATIS",4,12,3.91514181004657,3.18772036597076,FALSE
"PERAKENDE_SATIS",4,16,3.730861579877,2.92938620443945,FALSE
"PERAKENDE_SATIS",4,20,3.64744689938637,2.79545976578148,FALSE
"PERAKENDE_SATIS",4,24,3.57680035385331,3.01498047197844,FALSE
"PERAKENDE_SATIS",4,28,3.73879181866373,3.13567866982034,FALSE
"PERAKENDE_SATIS",8,12,8.07101321696099,6.18414350518502,FALSE
"PERAKENDE_SATIS",8,16,5.98699277551494,4.96380439030339,FALSE
"PERAKENDE_SATIS",8,20,4.95849097813189,4.2220858246617,FALSE
"PERAKENDE_SATIS",8,24,3.81037323392086,3.27635496742737,FALSE
"PERAKENDE_SATIS",8,28,4.0411261858377,3.52851801840623,FALSE
"PERAKENDE_SATIS",1,12,3.53353755751098,2.61438095610161,FALSE
"PERAKENDE_SATIS",1,16,3.09522819870641,2.37306150924814,TRUE
"PERAKENDE_SATIS",1,20,3.20716747352752,2.72142536310697,FALSE
"PERAKENDE_SATIS",1,24,3.26064438986987,2.86695233162728,FALSE
"PERAKENDE_SATIS",1,28,3.43062275949768,3.02258211362978,FALSE
"KONUT_FIYAT",12,36,3.14636030292864,2.38711913495813,FALSE
"KONUT_FIYAT",12,42,3.15934379039004,2.43159421435728,FALSE
"KONUT_FIYAT",12,48,3.20165885647466,2.51694322513038,FALSE
"KONUT_FIYAT",12,54,3.24772227410267,2.57042582195231,FALSE
"KONUT_FIYAT",12,60,3.27346201321362,2.60655974038415,FALSE
"KONUT_FIYAT",6,36,2.25860817088699,1.76241143210843,FALSE
"KONUT_FIYAT",6,42,2.2523284317098,1.76501263929573,TRUE
"KONUT_FIYAT",6,48,2.28682386671314,1.83296811069174,FALSE
"KONUT_FIYAT",6,54,2.31908349382263,1.87069433093201,FALSE
"KONUT_FIYAT",6,60,2.34148199486328,1.90803278653272,FALSE
"TURIZM_GELIRI",12,36,576451.38591616,453915.012213616,TRUE
"TURIZM_GELIRI",12,42,719017.94556378,583804.730754249,FALSE
"TURIZM_GELIRI",12,48,731843.58936543,588406.407952522,FALSE
"TURIZM_GELIRI",12,54,837280.810257884,698097.193560139,FALSE
"TURIZM_GELIRI",12,60,906355.878916918,749885.045693825,FALSE
"TURIZM_GELIRI",11,36,796879.493046578,690000.57847921,FALSE
"TURIZM_GELIRI",11,42,887095.40521663,762313.248600669,FALSE
"TURIZM_GELIRI",11,48,845197.16814397,728287.834419717,FALSE
"TURIZM_GELIRI",11,54,911359.2308995,787438.872292847,FALSE
"TURIZM_GELIRI",11,60,898958.991373455,755657.523922697,FALSE
"GINI",2,8,0.718284615984441,0.575963888028692,TRUE
"GINI",2,10,0.836823470219361,0.705760643376266,FALSE
"GINI",2,12,0.90840685128646,0.759653617248211,FALSE
"GINI",2,14,1.05423274942564,0.873685055861362,FALSE
"GINI",1,8,1.12993214231032,1.00240468755112,FALSE
"GINI",1,10,1.11911735653886,1.01207862224558,FALSE
"GINI",1,12,0.950196183169865,0.799679728100356,FALSE
"GINI",1,14,1.02271881405873,0.784799386218559,FALSE
