"gosterge","tarih","tahmin","alt","ust"
"ENFLASYON",2026-09-01,32.7496069662911,24.6728477585861,40.826366173996
"ENFLASYON",2026-10-01,34.8208071946226,19.9584832278877,49.6831311613575
"ENFLASYON",2026-11-01,37.2535667152649,16.6374405630328,57.869692867497
"ENFLASYON",2026-12-01,39.7332764815424,14.6027129576728,64.8638400054121
"ENFLASYON",2027-01-01,42.0623860744049,13.5911882993632,70.5335838494466
"ENFLASYON",2027-02-01,44.1298899481161,13.3095474271619,74.9502324690702
"BUYUME",2026-04-01,3.81789877462714,-5.02799193713913,12.6637894863934
"BUYUME",2026-07-01,4.09420352344118,-5.3420296716415,13.5304367185239
"BUYUME",2026-10-01,4.71195591411547,-5.00542345683404,14.429335285065
"BUYUME",2027-01-01,5.18721738798682,-4.8351171876898,15.2095519636634
"BUYUME",2027-04-01,4.94484290099041,-5.29128335142951,15.1809691534103
"BUYUME",2027-07-01,5.0674743870623,-5.16961485549546,15.3045636296201
"ISSIZLIK",2026-08-01,8.39085356978568,7.58009505187191,9.20161208769945
"ISSIZLIK",2026-09-01,8.22988173890382,7.40223066855911,9.05753280924853
"ISSIZLIK",2026-10-01,7.9611487287186,7.12869938362753,8.79359807380968
"ISSIZLIK",2026-11-01,8.01076408168701,7.17831367621682,8.84321448715721
"ISSIZLIK",2026-12-01,7.88610066504651,7.04339613482435,8.72880519526866
"ISSIZLIK",2027-01-01,8.4073788617947,7.56038782301195,9.25436990057746
"USDTRY",2026-09-01,48.4630011457197,47.9587928914171,48.9672094000223
"USDTRY",2026-10-01,49.0503938299914,48.1987669431236,49.9020207168593
"USDTRY",2026-11-01,49.6447490461627,48.5622281467865,50.7272699455389
"USDTRY",2026-12-01,50.2512043643987,48.9977446815871,51.5046640472102
"USDTRY",2027-01-01,50.8613894973306,49.4619174406309,52.2608615540302
"USDTRY",2027-02-01,51.4714330371192,49.9385052863636,53.0043607878748
"BIST100",2026-10-01,13218.1147416083,11763.626132102,14672.6033511147
"BIST100",2026-11-01,13130.3426097077,11221.4182902669,15039.2669291484
"BIST100",2026-12-01,13131.7628437162,10851.1786486138,15412.3470388186
"BIST100",2027-01-01,13114.6304205866,10554.7321745653,15674.5286666078
"BIST100",2027-02-01,13104.2014800363,10317.2546954295,15891.148264643
"BIST100",2027-03-01,13092.9530212979,10118.989979757,16066.9160628387
"FAIZ",2026-08-01,36.9628217620619,33.7290098701523,40.1966336539715
"FAIZ",2026-09-01,36.9179645956425,31.8503145857754,41.9856146055097
"FAIZ",2026-10-01,36.8530818189613,29.2681511358561,44.4380125020666
"FAIZ",2026-11-01,36.780660359266,26.9210191625638,46.6403015559683
"FAIZ",2026-12-01,36.6978773764203,24.4888328778086,48.906921875032
"FAIZ",2027-01-01,36.6106935344892,22.2382132038161,50.9831738651623
"DIS_TICARET",2026-08-01,-5892.86922680373,-9995.35617330382,-1790.38228030364
"DIS_TICARET",2026-09-01,-6621.22162700287,-10820.2181523615,-2422.22510164429
"DIS_TICARET",2026-10-01,-6065.36313883321,-10325.0550750139,-1805.67120265256
"DIS_TICARET",2026-11-01,-6115.92216014022,-10571.4782750371,-1660.36604524335
"DIS_TICARET",2026-12-01,-6240.34391500786,-10736.4158939311,-1744.27193608461
"DIS_TICARET",2027-01-01,-6133.4794621529,-10654.9335320459,-1612.02539225991
"SANAYI_URETIM",2026-08-01,106.898435562308,94.8706724152715,118.926198709344
"SANAYI_URETIM",2026-09-01,113.34100056982,101.234486501088,125.447514638552
"SANAYI_URETIM",2026-10-01,108.912907094491,96.7790718036685,121.046742385313
"SANAYI_URETIM",2026-11-01,113.084317964229,100.902794242067,125.265841686392
"SANAYI_URETIM",2026-12-01,124.042427958524,111.860197248309,136.224658668738
"SANAYI_URETIM",2027-01-01,102.538389857395,90.2160138658909,114.860765848899
"TUKETICI_GUVEN",2026-09-01,89.8117117949383,83.7272125228998,95.8962110669768
"TUKETICI_GUVEN",2026-10-01,88.9524409854458,80.7622483337897,97.142633637102
"TUKETICI_GUVEN",2026-11-01,88.1781821804542,78.6134558961216,97.7429084647868
"TUKETICI_GUVEN",2026-12-01,87.4805247126517,76.9307080339087,98.0303413913946
"TUKETICI_GUVEN",2027-01-01,86.8518900245569,75.5653273047672,98.1384527443465
"TUKETICI_GUVEN",2027-02-01,86.2854493436869,74.4343512237431,98.1365474636307
"CARI_DENGE",2026-07-01,1823049811.56,-4263702672.5331,7909802295.65309
"CARI_DENGE",2026-10-01,-7090449772.77965,-13185575514.8007,-995324030.758627
"CARI_DENGE",2027-01-01,-24748051850.5119,-30971930176.1198,-18524173524.9039
"CARI_DENGE",2027-04-01,-2244248881.87239,-8552991718.05913,4064493954.31436
"CARI_DENGE",2027-07-01,8327722779.7322,1323980356.36755,15331465203.0969
"CARI_DENGE",2027-10-01,-3379203287.99762,-10567344412.0466,3808937836.05136
"BUTCE_DENGESI",2026-08-01,-60487889.7835924,-397274679.975454,276298900.40827
"BUTCE_DENGESI",2026-09-01,-60001065.1479393,-400901180.268875,280899049.972996
"BUTCE_DENGESI",2026-10-01,-228385983.104138,-572097812.569228,115325846.360952
"BUTCE_DENGESI",2026-11-01,-169882015.236197,-523332668.363367,183568637.890972
"BUTCE_DENGESI",2026-12-01,-312839963.939141,-668088364.011667,42408436.1333849
"BUTCE_DENGESI",2027-01-01,-185492596.637051,-548633060.620521,177647867.346419
"UFE",2026-09-01,5915.6475609278,5850.7474934029,5980.54762845271
"UFE",2026-10-01,6038.23183820253,5925.33944486682,6151.12423153825
"UFE",2026-11-01,6162.11740100948,6013.80675178284,6310.42805023612
"UFE",2026-12-01,6289.10639128158,6111.05734017757,6467.15544238558
"UFE",2027-01-01,6418.26482992711,6213.2768769933,6623.25278286092
"UFE",2027-02-01,6549.61876020674,6319.75031683518,6779.4872035783
"M2",2026-08-01,28744950706.8604,28175403759.7384,29314497653.9823
"M2",2026-09-01,29349601016.5356,28538365881.1511,30160836151.9202
"M2",2026-10-01,29962889819.7244,28962177673.9238,30963601965.5249
"M2",2026-11-01,30584940532.5054,29421056020.874,31748825044.1367
"M2",2026-12-01,31215878334.173,29905155693.4259,32526600974.9202
"M2",2027-01-01,31855830192.4284,30409518553.2405,33302141831.6162
"REEL_KESIM_GUVEN",2026-10-01,101.395398533555,98.9235912933019,103.867205773809
"REEL_KESIM_GUVEN",2026-11-01,101.223448755642,97.8290424512228,104.617855060062
"REEL_KESIM_GUVEN",2026-12-01,101.361712683116,97.8334412709315,104.889984095301
"REEL_KESIM_GUVEN",2027-01-01,101.577192063758,98.0401661676927,105.114217959823
"REEL_KESIM_GUVEN",2027-02-01,101.711367640955,98.103411644445,105.319323637464
"REEL_KESIM_GUVEN",2027-03-01,101.730695502832,98.0815739378377,105.379817067826
"KAPASITE_KULLANIM",2026-10-01,74.209941715365,72.8554293877364,75.5644540429936
"KAPASITE_KULLANIM",2026-11-01,74.3026113687804,72.5887648417594,76.0164578958014
"KAPASITE_KULLANIM",2026-12-01,74.3756564937116,72.4021987921869,76.3491141952363
"KAPASITE_KULLANIM",2027-01-01,74.4435296184526,72.2803428272707,76.6067164096345
"KAPASITE_KULLANIM",2027-02-01,74.5050114229545,72.1967126794033,76.8133101665057
"KAPASITE_KULLANIM",2027-03-01,74.5609108585625,72.1393342575839,76.9824874595411
"GENC_ISSIZLIK",2026-01-01,17.1890868190972,13.2524546147474,21.125719023447
"GENC_ISSIZLIK",2027-01-01,18.5744184260444,12.7009843665748,24.4478524855139
"GENC_ISSIZLIK",2028-01-01,19.5690080150109,12.9848553951388,26.1531606348831
"GENC_ISSIZLIK",2029-01-01,20.0189204998286,13.3180530487153,26.7197879509419
"GENC_ISSIZLIK",2030-01-01,20.0494505678023,13.3485524403855,26.7503486952191
"GENC_ISSIZLIK",2031-01-01,19.8717118611885,13.1432928219494,26.6001309004276
"PERAKENDE_SATIS",2026-07-01,14.8995276163985,5.82800177637792,23.9710534564191
"PERAKENDE_SATIS",2026-10-01,15.6544233156593,5.04281442895779,26.2660322023609
"PERAKENDE_SATIS",2027-01-01,16.1125924323318,4.98727360987931,27.2379112547843
"PERAKENDE_SATIS",2027-04-01,16.3906691781365,5.08199765164145,27.6993407046316
"PERAKENDE_SATIS",2027-07-01,16.5594423968967,5.18397505252706,27.9349097412664
"PERAKENDE_SATIS",2027-10-01,16.6618759869053,5.26190207478525,28.0618498990254
"KONUT_FIYAT",2026-09-01,240.140539674244,236.422928845537,243.85815050295
"KONUT_FIYAT",2026-10-01,243.360168610669,238.056556195385,248.663781025954
"KONUT_FIYAT",2026-11-01,246.843870456684,240.263578621233,253.424162292135
"KONUT_FIYAT",2026-12-01,250.303383963804,242.626340406479,257.980427521128
"KONUT_FIYAT",2027-01-01,253.438915629133,245.033262092339,261.844569165928
"KONUT_FIYAT",2027-02-01,256.755387819558,247.468428053777,266.04234758534
"TURIZM_GELIRI",2026-04-01,4671316.52724821,4172835.87892643,5169797.17557
"TURIZM_GELIRI",2026-05-01,5980963.8201874,5482320.80523441,6479606.83514039
"TURIZM_GELIRI",2026-06-01,7072402.29324329,6573519.8932604,7571284.69322618
"TURIZM_GELIRI",2026-07-01,8017003.38692994,7518110.50713974,8515896.26672014
"TURIZM_GELIRI",2026-08-01,9312217.3451713,8813316.98387183,9811117.70647076
"TURIZM_GELIRI",2026-09-01,7829062.20619994,7330037.74740532,8328086.66499456
"GINI",2024-01-01,44.5613573280173,43.3355997085441,45.7871149474906
"GINI",2025-01-01,43.9874587481788,42.7616982953924,45.2132192009652
"GINI",2026-01-01,44.6061335426481,43.0959312887088,46.1163357965874
"GINI",2027-01-01,44.1944357020414,42.6842286836225,45.7046427204604
"GINI",2028-01-01,44.6388034804557,43.0005676406871,46.2770393202244
"GINI",2029-01-01,44.3434648253055,42.7052238669491,45.9817057836618
