"gosterge","ad","rol","FREKANS","KAYNAK","P","PENCERE","UFUK","YONTEM","N_TAHMIN","SON_GOZLEM","MAE","MSE","RMSE","MAPE","THEIL_U","NAIF_RMSE","GORELI_RMSE","IC_MAE","IC_RMSE","IC_MAPE"
"ENFLASYON","Enflasyon Oranı (TÜFE, yıllık %)","bagimli","aylik","EVDS",2,60,6,"çapraz doğrulama",186,2026-08-01,1.57910533364905,8.29733030547297,2.88050868866472,7.63944694965343,0.0910889683004678,3.16895603200663,0.908977170895218,1.21424470467723,2.21106409701605,8.17786408661999
"BUYUME","Ekonomik Büyüme (reel GSYH, yıllık %)","bagimli","ceyreklik","FRED",5,28,6,"çapraz doğrulama",68,2026-01-01,2.83638900787162,20.2402003757497,4.49891102109718,86.8269858104566,0.658987909005043,4.17171723887767,1.07843143805871,2.04558543037685,3.04933103421827,72.8118419713438
"ISSIZLIK","İşsizlik Oranı","bagimli","aylik","EVDS",12,48,6,"çapraz doğrulama",199,2026-07-01,0.517894892902893,0.488095388586376,0.698638238708973,5.06929373606942,0.0667700449819765,0.689366470502639,1.01344969418018,0.38989870097748,0.503053731403001,3.76303394331425
"USDTRY","Döviz Kuru (USD/TRY)","bagimli","aylik","FRED",3,36,6,"çapraz doğrulama",281,2026-08-01,0.166055917477658,0.169476584958541,0.4116753392645,2.67864038037344,0.0278391981093539,0.45820412536374,0.898454021856955,0.129703473573405,0.303886345346522,2.51442608778027
"BIST100","Borsa Endeksi (BIST-100)","bagimli","aylik","BIST",3,48,6,"çapraz doğrulama",270,2026-09-01,155.954919264479,127167.271024623,356.605203305592,6.58753218875949,0.0838417892680544,329.295559426117,1.08293353219542,82.2466873120097,192.153661344444,6.56770393833033
"FAIZ","TCMB Politika Faizi","kontrol","aylik","EVDS",4,54,6,"çapraz doğrulama",236,2026-07-01,0.681875122715938,2.09913357847019,1.4488386999491,4.19410482617255,0.0718566067200541,1.51020539628987,0.959365331039385,0.5448285718374,1.092964252395,4.10102768912884
"DIS_TICARET","Dış Ticaret Dengesi","kontrol","aylik","EVDS",3,48,6,"çapraz doğrulama",268,2026-07-01,1135.98522239228,2379587.4687754,1542.59115412198,51.2085813702293,0.307468463109185,1661.16183379576,0.928621837281896,947.462589901437,1292.62739182728,60.5166732518449
"SANAYI_URETIM","Sanayi Üretim Endeksi","kontrol","aylik","EVDS",12,60,6,"çapraz doğrulama",247,2026-07-01,4.85366394613963,48.7381314125605,6.98127004294781,6.45629715486944,0.0871118400202338,9.28519569580048,0.751871072152556,3.23350932105711,4.73620552064188,4.77642146979213
"TUKETICI_GUVEN","Tüketici Güven Endeksi","kontrol","aylik","EVDS",1,60,6,"çapraz doğrulama",115,2026-08-01,2.19360594206851,8.56602564434956,2.92677734792887,2.76042503274067,0.0357389639378544,2.88491405694,1.01451110506678,2.11728076214589,2.79600198974782,2.58595030722031
"CARI_DENGE","Cari İşlemler Dengesi","ek","ceyreklik","EVDS",7,16,6,"çapraz doğrulama",43,2026-04-01,5430777849.53154,51403230529319862272,7169604628.52171,121.927813160754,0.723898722455697,9111682862.20473,0.786858447220681,2634015024.98352,3511066304.4387,60.6504549640319
"BUTCE_DENGESI","Bütçe Dengesi","ek","aylik","EVDS",12,60,6,"çapraz doğrulama",175,2026-07-01,64904204.5249026,22465109671275044,149883653.782776,240.441195071112,1.03904343106573,187197313.225594,0.800672035298655,17304274.0828011,46208213.7940878,174.754756994343
"UFE","Üretici Fiyat Endeksi (ÜFE)","ek","aylik","EVDS",4,36,6,"çapraz doğrulama",280,2026-08-01,10.832736387182,693.04265876964,26.3257033860378,1.23812348030604,0.0162760325591032,44.4993434494881,0.591597568533129,6.51818284535259,15.7902120842318,0.973682756516963
"M2","M2 Para Arzı","ek","aylik","EVDS",1,36,6,"çapraz doğrulama",282,2026-07-01,59977502.4282286,20833588524746632,144338451.303686,1.7619985840431,0.0192156280036872,235052947.083162,0.61406782214315,38976140.5127637,106554800.452308,1.74007090937892
"REEL_KESIM_GUVEN","Reel Kesim Güven Endeksi","ek","aylik","EVDS",2,36,6,"çapraz doğrulama",199,2026-09-01,2.89057040639867,19.4854422966785,4.41423179009423,2.89211539532293,0.0420890711576549,4.18156398814303,1.05564133482375,2.72543462496632,4.05318258929806,2.78537134017278
"KAPASITE_KULLANIM","Kapasite Kullanım Oranı","ek","aylik","EVDS",2,60,6,"çapraz doğrulama",175,2026-09-01,0.797113235559432,2.06261247389791,1.43617981948568,1.08152528175187,0.018880309160477,1.41528391901716,1.01476445834489,0.8401605361808,1.46552053036801,1.13772930637246
"GENC_ISSIZLIK","Genç İşsizlik Oranı","ek","yillik","FRED",2,12,6,"çapraz doğrulama",12,2025-01-01,1.28005722177645,3.54560271774445,1.88297708901209,6.30171875243199,0.0942992262123188,2.03684359569736,0.924458359488037,1.12452353192829,1.7931802828112,5.31404929225441
"PERAKENDE_SATIS","Perakende Satış Hacim Endeksi","ek","ceyreklik","FRED",1,16,6,"çapraz doğrulama",45,2026-04-01,4.47718836352908,40.0377676574911,6.32754041136768,142.772388878961,0.497260810948221,6.35487696961484,0.995698333991694,3.59185307162106,5.2313727817724,125.862308550069
"KONUT_FIYAT","Konut Fiyat Endeksi","ek","aylik","EVDS",6,42,6,"çapraz doğrulama",152,2026-08-01,0.723515731453285,2.06264405572908,1.43619081452608,1.1316028950886,0.0159342863044746,2.52058237840301,0.56978531105816,0.355331303291175,0.768364886666223,0.886685930121618
"TURIZM_GELIRI","Turizm Gelirleri","ek","aylik","EVDS",12,36,6,"çapraz doğrulama",123,2026-03-01,602797.493954467,635898252746.501,797432.28724858,47.6220790296136,0.196031646839898,1106493.66608234,0.720684005424065,348724.753909888,464283.840743476,19.7981854081247
"GINI","Gini Endeksi","ek","yillik","FRED",2,8,6,"çapraz doğrulama",12,2023-01-01,0.88443706814373,1.36397670689143,1.16789413342624,2.08663414185698,0.0273731724314739,1.07664602663395,1.08475218830982,0.540532596006186,0.721089628113478,1.31810771613484
