"gosterge","ad","rol","FREKANS","KAYNAK","P","PENCERE","UFUK","YONTEM","N_TAHMIN","SON_GOZLEM","MAE","MSE","RMSE","MAPE","THEIL_U","IC_MAE","IC_RMSE","IC_MAPE"
"FAIZ","Politika / Fonlama Faizi","Bağımlı","aylik","EVDS",3,60,6,"çapraz doğrulama",127,2026-10-01,0.863711083531952,1.84101668770234,1.35684070093078,4.04502228477065,0.050546153984705,0.565768052893953,0.936562065898043,3.88916327121581
"BIST100","BIST 100 Endeksi","Bağımlı","aylik","BIST",11,48,6,"çapraz doğrulama",263,2026-10-01,188.452946787584,204405.136276552,452.111862570041,7.05785651215739,0.10362047658986,75.304831167305,169.102122545714,5.72905073066334
"EURTRY","EUR/TRY Kuru","Kontrol","aylik","EVDS",3,54,6,"çapraz doğrulama",265,2026-10-01,0.263874765130095,0.298267648518058,0.546138854613054,2.6943435967774,0.0308022024789804,0.163229723986568,0.368245000244246,2.60160793409847
"UFE","Yİ-ÜFE","Kontrol","aylik","EVDS",4,60,6,"çapraz doğrulama",245,2026-09-01,2.31218739223229,17.150064075524,4.14126358440561,27.4576490345705,0.112947423470522,1.82825731103672,3.09756125583891,24.3563580062426
"M2","Para Arzı (M2)","Kontrol","aylik","EVDS",1,48,6,"çapraz doğrulama",259,2026-08-01,3.52643347785082,66.8543832597535,8.17645297545051,12.7915387821249,0.20649798318227,3.32941835548997,7.81930644775749,12.0654478647735
"SANAYI_URETIM","Sanayi Üretimi","Kontrol","aylik","FRED",1,60,6,"çapraz doğrulama",218,2024-03-01,3.31626205592041,32.2221837999521,5.67645873762437,96.879328210718,0.539879960408232,2.87271436374445,4.74905868993241,68.9872954668599
"TUKETICI_GUVEN","Tüketici Güven Endeksi","Ek","aylik","EVDS",1,54,6,"çapraz doğrulama",122,2026-09-01,2.19561048358877,8.56685108070915,2.92691835907822,2.74208360100972,0.03547481040042,2.11982856071716,2.80358960296517,2.59246806311717
"REEL_KESIM_GUVEN","Reel Kesim Güven Endeksi","Ek","aylik","EVDS",2,36,6,"çapraz doğrulama",199,2026-09-01,2.89057040639867,19.4854422966785,4.41423179009423,2.89211539532293,0.0420890711576549,2.72543462496632,4.05318258929806,2.78537134017278
"KAPASITE_KULLANIM","Kapasite Kullanım Oranı","Ek","aylik","EVDS",12,60,6,"çapraz doğrulama",165,2026-09-01,1.00081213621801,3.73802587811956,1.93339749615012,1.35667542838449,0.0254312199628348,0.787663483677652,1.37551886747032,1.06601853294927
"KONUT_FIYAT","Konut Fiyat Endeksi","Ek","aylik","EVDS",2,60,6,"çapraz doğrulama",126,2026-08-01,2.73232246178465,21.2170992965049,4.60620226395943,9.69109615891808,0.0737545784222318,1.95112979694614,3.365483683214,9.84785477960259
"PERAKENDE_SATIS","Perakende Satış (yıllık %)","Ek","ceyreklik","FRED",1,16,4,"çapraz doğrulama",45,2026-04-01,4.47718836352908,40.0377676574911,6.32754041136768,142.772388878961,0.497260810948221,3.59185307162106,5.2313727817724,125.862308550069
"GENC_ISSIZLIK","Genç İşsizlik (15-24)","Ek","yillik","FRED",2,12,3,"çapraz doğrulama",12,2025-01-01,1.28005722177645,3.54560271774445,1.88297708901209,6.30171875243199,0.0942992262123188,1.12452353192829,1.7931802828112,5.31404929225441
"GINI","GINI Endeksi","Ek","yillik","FRED",1,12,3,"çapraz doğrulama",9,2023-01-01,1.01091422488003,1.6091718568371,1.26853137794739,2.32452703376532,0.0292610172769579,0.845580055703557,1.02641441859139,2.0486580791639
"CARI_DENGE","Cari Denge / GSYH (%)","Ek","yillik","WORLDBANK",1,12,3,"çapraz doğrulama",13,2025-01-01,2.02375522477348,6.14056924669638,2.47801720064579,106.002414718425,0.765779423122158,1.58943803065699,2.06682982618391,61.0024446683029
"DIS_TICARET","Dış Ticaret / GSYH (%)","Ek","yillik","WORLDBANK",1,12,3,"çapraz doğrulama",13,2025-01-01,6.63190915313462,71.3009627653261,8.44398974213767,10.826153664064,0.141150135008427,3.06340739432581,3.8536837711423,5.57930772708956
"BUTCE_DENGESI","Genel Devlet Dengesi / GSYH (%)","Ek","yillik","FRED",2,15,3,"çapraz doğrulama",7,2023-01-01,1.48690098898038,3.8166364012516,1.95362135564996,42.7504168636749,0.523767692252357,0.977198911323005,1.20410698554096,83.4398135923214
"TURIZM_GELIRI","Turizm Gelirleri (USD)","Ek","yillik","WORLDBANK",1,8,3,"çapraz doğrulama",7,2020-01-01,8097561039.12124,1.13964905498289e+20,10675434674.9109,39.1187199607736,0.318634038793308,2796788827.59367,3506266086.26697,9.02050733360001
